PRES,BU,PLOT,BP,meanPerPG,StdDevPG,MONYEAR,MONDATE,LASTBURNDATE,LASTBURNYEAR,,
ABRP,1,1,1_1,17.85,18.48833202,2001,8/16/2001,5/9/1996,1996,,
ABRP,1,1,1_1,13.05,18.08597887,2005,8/18/2005,7/20/2004,2004,,
ABRP,1,1,1_1,4.1,7.859958484,2007,9/6/2007,2006,2006,,
ABRP,1,1,1_1,8.3,8.31675544,2009,8/3/2009,6/5/2008,2008,,
ABRP,1,1,1_1,25.75,23.55257277,2012,8/23/2012,2011,2011,,
ABRP,1,1,1_1,19.45,19.95910292,2014,11/4/2014,2013,2013,,
ABRP,1,1,1_1,15.85,12.88522205,2017,7/31/2017,2016,2016,,
ABRP,1,2,1_2,22,24.51637476,2001,8/17/2001,5/9/1996,1996,,
ABRP,1,2,1_2,26.35,17.83336613,2005,8/18/2005,7/20/2004,2004,,
ABRP,1,2,1_2,5.8,5.708719093,2007,9/6/2007,2006,2006,,
ABRP,1,2,1_2,22.4,10.25670512,2009,8/3/2009,6/5/2008,2008,,
ABRP,1,2,1_2,28.95,26.13623216,2012,8/22/2012,2011,2011,,
ABRP,1,2,1_2,37.75,28.02606869,2014,11/6/2014,2013,2013,,
ABRP,1,2,1_2,26.15,23.54452669,2017,8/7/2017,2016,2016,,
ABRP,1,3,1_3,10.5,11.95385866,2001,8/17/2001,5/9/1996,1996,,
ABRP,1,3,1_3,16.15,18.96888033,2005,8/19/2005,7/20/2004,2004,,
ABRP,1,3,1_3,6.8,12.54297874,2007,9/10/2007,2006,2006,,
ABRP,1,3,1_3,5.75,13.14243829,2009,8/3/2009,6/5/2008,2008,,
ABRP,1,3,1_3,7.55,10.1539466,2012,8/22/2012,2011,2011,,
ABRP,1,3,1_3,9.35,9.890319563,2014,11/6/2014,2013,2013,,
ABRP,1,3,1_3,5.8,9.220115309,2017,8/8/2017,2016,2016,,
ABRP,1,4,1_4,7.85,11.64508028,2001,8/21/2001,5/9/1996,1996,,
ABRP,1,4,1_4,11.35,8.067315473,2005,8/19/2005,7/20/2004,2004,,
ABRP,1,4,1_4,2.2,1.735086832,2007,9/10/2007,2006,2006,,
ABRP,1,4,1_4,4.25,7.946366267,2009,8/3/2009,6/5/2008,2008,,
ABRP,1,4,1_4,5.55,5.808115919,2012,8/22/2012,2011,2011,,
ABRP,1,4,1_4,26.35,21.99587282,2014,11/5/2014,2013,2013,,
ABRP,1,4,1_4,19.5,10.24695077,2017,8/8/2017,2016,2016,,
ABRP,1,5,1_5,27.4,24.13209263,2001,8/21/2001,5/9/1996,1996,,
ABRP,1,5,1_5,18.31578947,17.33670682,2005,8/19/2005,7/20/2004,2004,,
ABRP,1,5,1_5,1.55,4.501169439,2007,9/12/2007,2006,2006,,
ABRP,1,5,1_5,6.6,13.22039891,2009,8/4/2009,6/5/2008,2008,,
ABRP,1,5,1_5,22.1,19.01772027,2014,11/7/2014,2013,2013,,
ABRP,1,5,1_5,13.15,10.35819025,2017,8/10/2017,2016,2016,,
ABRP,1,5,1_5,14.55,15.19513426,,(blank),2011,2011,,
ABRP,1,6,1_6,36.45,30.70140576,2001,8/22/2001,5/9/1996,1996,,
ABRP,1,6,1_6,16.25,15.24838214,2005,8/24/2005,7/20/2004,2004,,
ABRP,1,6,1_6,25.55,21.99874398,2007,9/18/2007,2006,2006,,
ABRP,1,6,1_6,13.5,12.96351155,2009,8/4/2009,6/5/2008,2008,,
ABRP,1,6,1_6,28.75,22.11661676,2014,11/5/2014,2013,2013,,
ABRP,1,6,1_6,22.6,25.10692922,2017,8/11/2017,2016,2016,,
ABRP,1,6,1_6,23.6,23.85570659,,(blank),2011,2011,,
ABRP,1,7,1_7,23.15,21.68743269,2001,8/22/2001,5/9/1996,1996,,
ABRP,1,7,1_7,24.77777778,23.09457679,2005,8/24/2005,7/20/2004,2004,,
ABRP,1,7,1_7,13.5,24.43142928,2007,9/17/2007,2006,2006,,
ABRP,1,7,1_7,16.75,16.21524624,2009,8/4/2009,6/5/2008,2008,,
ABRP,1,7,1_7,35.75,22.66895628,2014,11/5/2014,2013,2013,,
ABRP,1,7,1_7,15.5,12.55514153,2017,8/11/2017,2016,2016,,
ABRP,1,7,1_7,15.15,21.03449548,,(blank),2011,2011,,
ABRP,1,8,1_8,15.35,12.60022974,2001,8/22/2001,5/9/1996,1996,,
ABRP,1,8,1_8,10.45,12.35217858,2007,9/17/2007,2006,2006,,
ABRP,1,8,1_8,20.2,17.84022657,2009,8/4/2009,6/5/2008,2008,,
ABRP,1,8,1_8,37.75,18.81174046,2014,11/4/2014,2013,2013,,
ABRP,1,8,1_8,25.6,17.69150852,2017,8/16/2017,2016,2016,,
ABRP,1,8,1_8,12.65,12.64609363,,(blank),2011,2011,,
ABRP,1,9,1_9,29.75,22.44730672,2001,8/24/2001,5/9/1996,1996,,
ABRP,1,9,1_9,10.31578947,14.06750642,2005,8/27/2005,7/20/2004,2004,,
ABRP,1,9,1_9,8.15,11.86891118,2007,9/18/2007,2006,2006,,
ABRP,1,9,1_9,3.65,3.703128123,2009,7/30/2009,6/5/2008,2008,,
ABRP,1,9,1_9,6,7.211102551,2012,8/21/2012,2011,2011,,
ABRP,1,9,1_9,30.2,24.02761569,2014,11/4/2014,2013,2013,,
ABRP,1,9,1_9,22.75,22.8355102,2017,8/9/2017,2016,2016,,
ABRP,5,1,5_1,NA,NA,1997,8/11/1997,5/16/1996,1996,,
ABRP,5,1,5_1,52,24.30074723,2000,8/9/2000,"5/11/1999, 5/13/1999",1999,,
ABRP,5,1,5_1,38.75,23.77941392,2003,8/7/2003,5/24/2002,2002,,
ABRP,5,1,5_1,40.75,21.29214088,2005,9/12/2005,5/13/2004,2004,,
ABRP,5,1,5_1,14.6,9.538840269,2009,7/23/2009,7/22/2008,2008,,
ABRP,5,1,5_1,26.5,15.48343767,2011,10/19/2011,2010,2010,,
ABRP,5,1,5_1,41.5,17.8517285,2017,8/25/2017,2016,2016,,
ABRP,5,2,5_2,NA,NA,1997,8/11/1997,5/16/1996,1996,,
ABRP,5,2,5_2,38.75,21.32918682,2000,8/10/2000,"5/11/1999, 5/13/1999",1999,,
ABRP,5,2,5_2,21.6,15.51366121,2003,8/7/2003,5/24/2002,2002,,
ABRP,5,2,5_2,27,18.66604009,2005,9/3/2005,5/13/2004,2004,,
ABRP,5,2,5_2,12.6,9.253164466,2009,7/23/2009,7/22/2008,2008,,
ABRP,5,2,5_2,27.65,17.34866899,2011,10/24/2011,2010,2010,,
ABRP,5,2,5_2,11.3,10.41304849,2017,8/24/2017,2016,2016,,
ABRP,5,3,5_3,NA,NA,1997,8/12/1997,5/16/1996,1996,,
ABRP,5,3,5_3,38,18.87632881,2000,8/10/2000,"5/11/1999, 5/13/1999",1999,,
ABRP,5,3,5_3,51.7,34.27612335,2003,8/13/2003,5/24/2002,2002,,
ABRP,5,3,5_3,36.31578947,24.37223519,2005,9/3/2005,5/13/2004,2004,,
ABRP,5,3,5_3,11.8,7.918000811,2009,7/23/2009,7/22/2008,2008,,
ABRP,5,3,5_3,8.05,6.992288986,2011,10/24/2011,2010,2010,,
ABRP,5,3,5_3,12,10.65240274,2017,8/29/2017,2016,2016,,
ABRP,5,4,5_4,NA,NA,1997,8/12/1997,5/16/1996,1996,,
ABRP,5,4,5_4,47.5,22.56569357,2000,8/14/2000,"5/11/1999, 5/13/1999",1999,,
ABRP,5,4,5_4,44.7,25.75614388,2003,8/13/2003,5/24/2002,2002,,
ABRP,5,4,5_4,42,22.55986189,2005,9/3/2005,5/13/2004,2004,,
ABRP,5,4,5_4,21.5,12.25818738,2009,7/27/2009,7/22/2008,2008,,
ABRP,5,4,5_4,34.25,20.01808393,2011,10/24/2011,2010,2010,,
ABRP,5,4,5_4,30.85,18.63012558,2017,8/30/2017,2016,2016,,
ABRP,5,5,5_5,NA,NA,1997,8/12/1997,5/16/1996,1996,,
ABRP,5,5,5_5,41,29.09150717,2000,8/8/2000,"5/11/1999, 5/13/1999",1999,,
ABRP,5,5,5_5,24.6,26.15419862,2003,8/15/2003,5/24/2002,2002,,
ABRP,5,5,5_5,26.65,20.26216334,2005,9/12/2005,5/13/2004,2004,,
ABRP,5,5,5_5,9.9,7.792709143,2009,7/24/2009,7/22/2008,2008,,
ABRP,5,5,5_5,30.75,17.41709686,2011,10/24/2011,2010,2010,,
ABRP,5,5,5_5,31.5,16.14897748,2017,8/23/2017,2016,2016,,
ABRP,5,6,5_6,NA,NA,1997,8/12/1997,5/16/1996,1996,,
ABRP,5,6,5_6,27.75,22.55490377,2000,8/8/2000,"5/11/1999, 5/13/1999",1999,,
ABRP,5,6,5_6,11.1,7.51069413,2003,8/15/2003,5/24/2002,2002,,
ABRP,5,6,5_6,31.3,26.92113238,2005,9/12/2005,5/13/2004,2004,,
ABRP,5,6,5_6,8.9,5.108300778,2009,7/23/2009,7/22/2008,2008,,
ABRP,5,6,5_6,18.65,15.64162799,2011,10/19/2011,2010,2010,,
ABRP,5,6,5_6,20.5,14.11046644,2017,8/24/2017,2016,2016,,
ABRP,7,1,7_1,13.75,18.10750063,2001,8/9/2001,2/11/2000,2000,,
ABRP,7,1,7_1,11.05,15.21244297,2004,8/17/2004,4/22/2003,2003,,
ABRP,7,1,7_1,10.8,11.08151614,2008,8/20/2008,2006,2006,,
ABRP,7,1,7_1,12.1,9.475175321,2010,7/20/2010,6/1/2009,2009,,
ABRP,7,1,7_1,15.7,13.41287677,2017,8/21/2017,2016,2016,,
ABRP,7,1,7_1,12.4,11.16741291,2012,8/16/2012,2011,2011,,
ABRP,7,2,7_2,25.65,18.13770426,2001,8/7/2001,2/11/2000,2000,,
ABRP,7,2,7_2,17.8,18.39794039,2004,8/27/2004,4/22/2003,2003,,
ABRP,7,2,7_2,6.75,9.89883034,2008,8/21/2008,2006,2006,,
ABRP,7,2,7_2,5.75,6.129093691,2010,7/19/2010,6/1/2009,2009,,
ABRP,7,2,7_2,9.15,11.356774,2017,8/22/2017,2016,2016,,
ABRP,7,2,7_2,1.85,1.460893742,,(blank),2011,2011,,
ABRP,7,3,7_3,19.75,20.84750395,2001,8/7/2001,2/11/2000,2000,,
ABRP,7,3,7_3,18.9,16.44096296,2004,8/19/2004,4/22/2003,2003,,
ABRP,7,3,7_3,4.65,6.098101516,2008,8/21/2008,2006,2006,,
ABRP,7,3,7_3,4.3,7.51909849,2010,7/19/2010,6/1/2009,2009,,
ABRP,7,3,7_3,7.1,4.722844816,2017,8/22/2017,2016,2016,,
ABRP,7,3,7_3,1.2,1.281446551,,(blank),2011,2011,,
ABRP,7,4,7_4,9.6,8.875750524,2001,8/10/2001,2/11/2000,2000,,
ABRP,7,4,7_4,8.85,11.11317379,2004,8/30/2004,4/22/2003,2003,,
ABRP,7,4,7_4,4.55,5.365337091,2008,8/21/2008,2006,2006,,
ABRP,7,4,7_4,20.65,16.43255754,2009,8/5/2009,Bull-Dozed 2007,2007,,
ABRP,7,4,7_4,55,16.38356044,2017,8/30/2017,2016,2016,,
ABRP,7,4,7_4,NA,NA,NA,NA,2011,2011,,
ABRP,7,5,7_5,31,24.52710638,2001,8/9/2001,2/11/2000,2000,,
ABRP,7,5,7_5,13.85,10.94616011,2004,8/31/2004,4/22/2003,2003,,
ABRP,7,5,7_5,9.4,7.301045347,2010,7/20/2010,6/1/2009,2009,,
ABRP,7,5,7_5,4.45,4.850122082,2017,8/23/2017,2016,2016,,
ABRP,7,5,7_5,4.75,5.37905294,,(blank),2011,2011,,
ABRP,7,6,7_6,17.9,18.9484064,2001,8/10/2001,2/11/2000,2000,,
ABRP,7,6,7_6,5.7,6.317061275,2004,8/28/2004,4/22/2003,2003,,
ABRP,7,6,7_6,14.2,10.82686717,2009,8/5/2009,Bull-Dozed 2007,2007,,
ABRP,7,6,7_6,33.85,25.19664765,2012,9/17/2012,2011,2011,,
ABRP,7,6,7_6,53,17.04483252,2017,9/20/2017,2016,2016,,
ABRP,7,7,7_7,14.65,15.58769758,2001,8/15/2001,2/11/2000,2000,,
ABRP,7,7,7_7,9.25,10.22831467,2004,8/30/2004,4/22/2003,2003,,
ABRP,7,7,7_7,14.85,9.895639656,2009,8/5/2009,Bull-Dozed 2007,2007,,
ABRP,7,7,7_7,56.45,30.82971055,2012,8/21/2012,2011,2011,,
ABRP,7,7,7_7,65.25,19.49865043,2017,8/17/2017,2016,2016,,
ABRP,7,8,7_8,15.25,17.02900003,2001,8/16/2001,2/11/2000,2000,,
ABRP,7,8,7_8,6.65,11.0989568,2004,9/23/2004,4/22/2003,2003,,
ABRP,7,8,7_8,8.55,6.320184874,2008,8/20/2008,2006,2006,,
ABRP,7,8,7_8,21.35,14.97814197,2009,8/5/2009,Bull-Dozed 2007,2007,,
ABRP,7,8,7_8,31,17.66650116,2012,8/21/2012,2011,2011,,
ABRP,7,8,7_8,55.75,23.91184468,2017,8/18/2017,2016,2016,,
ABRP,12,1,12_1,5.3,4.206511244,1998,8/21/1998,5/3/1996,1996,,
ABRP,12,1,12_1,17.4,19.28020528,2000,8/3/2000,5/14/1999,1999,,
ABRP,12,1,12_1,6.8,7.729642192,2003,9/6/2003,5/22/2002,2002,,
ABRP,12,1,12_1,15.27777778,11.38526166,2005,8/15/2005,5/7/2004,2004,,
ABRP,12,1,12_1,5.95,10.10718869,2009,7/27/2009,5/5/2008,2008,,
ABRP,12,1,12_1,4.95,6.056531924,2011,9/30/2011,2010,2010,,
ABRP,12,2,12_2,9.1,7.758865897,1998,8/21/1998,5/3/1996,1996,,
ABRP,12,2,12_2,11.65,8.247966257,2000,8/1/2000,5/14/1999,1999,,
ABRP,12,2,12_2,14.5,21.48316354,2003,8/29/2003,5/22/2002,2002,,
ABRP,12,2,12_2,18.65,15.04825571,2005,8/27/2005,5/7/2004,2004,,
ABRP,12,2,12_2,7.9,8.084422969,2009,7/27/2009,5/5/2008,2008,,
ABRP,12,2,12_2,12,13.64204029,2011,9/29/2011,2010,2010,,
ABRP,13,1,13_1,3.15,5.575085555,2000,8/10/2000,5/14/1999,1999,,
ABRP,13,1,13_1,0.35,0.74515982,2003,9/6/2003,5/22/2002,2002,,
ABRP,13,1,13_1,5.777777778,6.887992773,2005,8/15/2005,5/7/2004,2004,,
ABRP,13,1,13_1,2.1,3.959000405,2010,7/14/2010,6/1/2009,2009,,
ABRP,15,1,15_1,NA,NA,1997,8/11/1997,5/3/1996,1996,,
ABRP,15,1,15_1,27.05,23.8470455,2000,7/31/2000,5/14/1999,1999,,
ABRP,15,1,15_1,16.45,19.8082253,2003,8/29/2003,5/22/2002,2002,,
ABRP,15,1,15_1,45.31578947,26.44081994,2005,8/27/2005,5/7/2004,2004,,
ABRP,15,1,15_1,19.14285714,16.99256463,2008,8/19/2008,2006,2006,,
ABRP,15,1,15_1,2,3.949683532,2008,8/19/2008,2007,2007,,
ABRP,15,1,15_1,13.05,18.41759742,2010,7/13/2010,6/1/2009,2009,,
ABRP,15,1,15_1,7.35,10.17879633,2018,8/8/2018,2017,2017,,
ABRP,21,1,21_1,37.5,12.40755288,1998,8/24/1998,5/27/1997,1997,,
ABRP,21,1,21_1,33.5,17.02165803,2001,8/2/2001,5/9/2000,2000,,
ABRP,21,1,21_1,54,20.93850646,2003,8/20/2003,5/23/2002,2002,,
ABRP,21,1,21_1,42.45,19.12693059,2005,8/25/2005,4/14/2004,2004,,
ABRP,21,1,21_1,30.5,15.20906932,2007,10/2/2007,2006,2006,,
ABRP,21,1,21_1,24.95,12.85741645,2009,7/20/2009,6/20/2008,2008,,
ABRP,21,1,21_1,26.5,13.7744997,2011,10/20/2011,2010,2010,,
ABRP,21,1,21_1,30.5,15.46643224,2017,9/26/2017,2016,2016,,
ABRP,21,2,21_2,28.35,16.70888512,1998,8/24/1998,5/27/1997,1997,,
ABRP,21,2,21_2,31,15.18309309,2001,8/3/2001,5/9/2000,2000,,
ABRP,21,2,21_2,45,18.5670903,2003,8/20/2003,5/23/2002,2002,,
ABRP,21,2,21_2,46.75,20.98088102,2005,8/25/2005,4/14/2004,2004,,
ABRP,21,2,21_2,23.9,14.25297753,2007,10/2/2007,2006,2006,,
ABRP,21,2,21_2,18.05,9.276313923,2009,7/20/2009,6/20/2008,2008,,
ABRP,21,2,21_2,36.75,18.72761822,2011,10/20/2011,2010,2010,,
ABRP,21,2,21_2,36.5,15.39822273,2017,9/26/2017,2016,2016,,
ABRP,21,3,21_3,36.25,21.63543633,1998,8/25/1998,5/27/1997,1997,,
ABRP,21,3,21_3,40,16.38356044,2001,8/3/2001,5/9/2000,2000,,
ABRP,21,3,21_3,39.75,19.89941813,2003,9/5/2003,5/23/2002,2002,,
ABRP,21,3,21_3,55.5,17.00619082,2005,8/23/2005,4/14/2004,2004,,
ABRP,21,3,21_3,43.5,14.69872891,2007,10/2/2007,2006,2006,,
ABRP,21,3,21_3,30.75,13.30561812,2009,7/20/2009,6/20/2008,2008,,
ABRP,21,3,21_3,44,20.1049876,2011,10/20/2011,2010,2010,,
ABRP,21,3,21_3,44.25,15.49830211,2017,9/26/2017,2016,2016,,
ABRP,22,1,22_1,12.1,11.8228147,1999,8/16/1999,7/30/1998,1998,,
ABRP,22,1,22_1,19.45,17.55734964,2002,9/4/2002,4/13/2001,2001,,
ABRP,22,1,22_1,28.6,16.13234737,2004,7/19/2004,6/4/2003,2003,,
ABRP,22,1,22_1,8.55,10.28271416,2006,8/29/2006,2005,2005,,
ABRP,22,1,22_1,11.66666667,10.8012345,2008,7/11/2008,2006,2006,,
ABRP,22,1,22_1,9.642857143,7.354821996,2008,7/11/2008,2007,2007,,
ABRP,22,1,22_1,25.75,18.44444004,2010,7/15/2010,6/1/2009,2009,,
ABRP,22,1,22_1,9.85,3.513507769,2012,8/9/2012,2011,2011,,
ABRP,22,1,22_1,36.25,13.16644459,2014,10/31/2014,2013,2013,,
ABRP,22,1,22_1,29.75,16.739097,2018,8/9/2018,2017,2017,,
ABRP,22,2,22_2,7.55,10.05498044,1999,8/16/1999,7/30/1998,1998,,
ABRP,22,2,22_2,13.45,16.61791994,2002,9/5/2002,4/13/2001,2001,,
ABRP,22,2,22_2,21.7,24.15323886,2004,7/13/2004,6/4/2003,2003,,
ABRP,22,2,22_2,6.95,8.976431128,2006,8/29/2006,2005,2005,,
ABRP,22,2,22_2,7.5,10.53565375,2008,7/22/2008,2007,2007,,
ABRP,22,2,22_2,23.65,19.0159905,2010,7/16/2010,6/1/2009,2009,,
ABRP,22,2,22_2,14.35,15.71213075,2012,8/9/2012,2011,2011,,
ABRP,22,2,22_2,28.05,22.0226558,2014,11/2/2014,2013,2013,,
ABRP,22,2,22_2,35.75,24.88261917,2018,8/9/2018,2017,2017,,
ABRP,22,3,22_3,11.35,14.65129777,1999,8/20/1999,7/30/1998,1998,,
ABRP,22,3,22_3,14.45,14.14390328,2002,9/9/2002,4/13/2001,2001,,
ABRP,22,3,22_3,13.15,15.79231992,2004,8/3/2004,6/4/2003,2003,,
ABRP,22,3,22_3,3.4,4.031455268,2006,8/29/2006,2005,2005,,
ABRP,22,3,22_3,7.8,11.04821967,2008,7/23/2008,2007,2007,,
ABRP,22,3,22_3,11.65,8.945889971,2010,7/16/2010,6/1/2009,2009,,
ABRP,22,3,22_3,3.05,5.462551939,2012,8/15/2012,2011,2011,,
ABRP,22,3,22_3,10.55,13.95283408,2014,11/3/2014,2013,2013,,
ABRP,22,3,22_3,18.55,17.23971852,2018,8/9/2018,2017,2017,,
ABRP,22,4,22_4,25.15,19.26894147,1999,8/18/1999,7/30/1998,1998,,
ABRP,22,4,22_4,24.05,20.10884854,2002,9/11/2002,4/13/2001,2001,,
ABRP,22,4,22_4,37.1,16.82072656,2004,8/6/2004,6/4/2003,2003,,
ABRP,22,4,22_4,24.8,14.2813828,2006,8/29/2006,2005,2005,,
ABRP,22,4,22_4,11.4,10.33848202,2008,7/23/2008,2007,2007,,
ABRP,22,4,22_4,18.8,11.92343998,2010,7/15/2010,6/1/2009,2009,,
ABRP,22,4,22_4,10.8,11.42757514,2012,8/9/2012,2011,2011,,
ABRP,22,4,22_4,58.85,20.82830817,2014,11/3/2014,2013,2013,,
ABRP,22,4,22_4,28.75,12.34109523,2018,8/8/2018,2017,2017,,
ABRP,22,5,22_5,24.55,20.70716886,1999,8/17/1999,7/30/1998,1998,,
ABRP,22,5,22_5,36.4,23.54704138,2002,9/17/2002,4/13/2001,2001,,
ABRP,22,5,22_5,50,16.93641359,2004,9/23/2004,6/4/2003,2003,,
ABRP,22,5,22_5,20.75,16.32523071,2006,8/29/2006,2005,2005,,
ABRP,22,5,22_5,15.9,6.797058187,2008,7/24/2008,2007,2007,,
ABRP,22,5,22_5,30.35,20.2647607,2010,7/14/2010,6/1/2009,2009,,
ABRP,22,5,22_5,20.65,14.09096388,2012,8/8/2012,2011,2011,,
ABRP,22,5,22_5,29.85,24.87711906,2014,11/3/2014,2013,2013,,
ABRP,22,5,22_5,34.25,15.41316935,2018,8/8/2018,2017,2017,,
ABRP,32,1,32_1,29,16.90530904,1999,8/26/1999,4/27/1998,1998,,
ABRP,32,1,32_1,41.25,20.76655966,2002,9/23/2002,4/3/2001,2001,,
ABRP,32,1,32_1,34.15,23.26568514,2005,8/18/2005,4/9/2004,2004,,
ABRP,32,1,32_1,11.6,16.19746569,2009,7/28/2009,6/7/2008,2008,,
ABRP,32,1,32_1,14,10.83367071,2012,8/24/2012,2011,2011,,
ABRP,32,1,32_1,32.25,13.02578415,2018,8/28/2018,2017,2017,,
ABRP,32,2,32_2,27.75,15.34472308,1999,8/27/1999,4/27/1998,1998,,
ABRP,32,2,32_2,26.75,21.59891566,2002,10/3/2002,4/3/2001,2001,,
ABRP,32,2,32_2,28,10.43778561,2005,8/17/2005,4/9/2004,2004,,
ABRP,32,2,32_2,7.6,4.511972378,2009,7/29/2009,6/7/2008,2008,,
ABRP,32,2,32_2,12.8,9.440115967,2012,8/24/2012,2011,2011,,
ABRP,32,2,32_2,34.5,10.74831688,2018,8/21/2018,2017,2017,,
ABRP,32,3,32_3,34,16.9829636,1999,8/27/1999,4/27/1998,1998,,
ABRP,32,3,32_3,48.5,22.01076292,2002,10/1/2002,4/3/2001,2001,,
ABRP,32,3,32_3,46.75,21.84123334,2005,8/13/2005,4/9/2004,2004,,
ABRP,32,3,32_3,14,7.840515558,2009,7/29/2009,6/7/2008,2008,,
ABRP,32,3,32_3,9.9,7.608167357,2012,8/24/2012,2011,2011,,
ABRP,32,3,32_3,31.55,16.35936879,2018,8/21/2018,2017,2017,,
ABRP,32,4,32_4,26.6,18.85233477,1999,8/30/1999,4/27/1998,1998,,
ABRP,32,4,32_4,39.55,25.14897717,2002,9/30/2002,4/3/2001,2001,,
ABRP,32,4,32_4,43,20.79979757,2005,8/13/2005,4/9/2004,2004,,
ABRP,32,4,32_4,20.9,17.24101597,2009,7/29/2009,6/7/2008,2008,,
ABRP,32,4,32_4,22.05,15.52069925,2012,9/3/2012,2011,2011,,
ABRP,32,4,32_4,21.55,18.58543572,2018,8/10/2018,2017,2017,,
ABRP,32,5,32_5,31.9,19.44195139,1999,9/3/1999,4/27/1998,1998,,
ABRP,32,5,32_5,30.5,21.02004056,2002,10/1/2002,4/3/2001,2001,,
ABRP,32,5,32_5,35,20.19640406,2005,8/10/2005,4/9/2004,2004,,
ABRP,32,5,32_5,18.6,13.51957645,2009,7/29/2009,6/7/2008,2008,,
ABRP,32,5,32_5,16.75,10.29499112,2012,8/31/2012,2011,2011,,
ABRP,32,5,32_5,17.75,11.63875106,2018,8/9/2018,2017,2017,,
ABRP,32,6,32_6,47.4,23.11162842,1999,8/27/1999,4/27/1998,1998,,
ABRP,32,6,32_6,39.5,23.94621166,2002,9/30/2002,4/3/2001,2001,,
ABRP,32,6,32_6,28.25,21.78090666,2005,8/16/2005,4/9/2004,2004,,
ABRP,32,6,32_6,22.5,17.80744965,2009,7/28/2009,6/7/2008,2008,,
ABRP,32,6,32_6,28.5,14.96487115,2012,9/3/2012,2011,2011,,
ABRP,32,6,32_6,29.25,10.42201617,2018,8/10/2018,2017,2017,,
ABRP,32,7,32_7,29.55,18.54858485,1999,8/23/1999,4/27/1998,1998,,
ABRP,32,7,32_7,34.65,24.32948179,2002,9/16/2002,4/3/2001,2001,,
ABRP,32,7,32_7,37.25,17.35655496,2005,8/16/2005,4/9/2004,2004,,
ABRP,32,7,32_7,11.4,8.00920523,2009,7/29/2009,6/7/2008,2008,,
ABRP,32,7,32_7,6.6,4.849308144,2012,8/23/2012,2011,2011,,
ABRP,32,7,32_7,24.75,13.21034284,2018,8/29/2018,2017,2017,,
ABRP,32,8,32_8,35.25,18.38728107,1999,8/25/1999,4/27/1998,1998,,
ABRP,32,8,32_8,33.15,18.96055462,2002,9/16/2002,4/3/2001,2001,,
ABRP,32,8,32_8,30,12.36033081,2005,8/19/2005,4/9/2004,2004,,
ABRP,32,8,32_8,10.15,6.876925568,2009,7/29/2009,6/7/2008,2008,,
ABRP,32,8,32_8,19.45,16.58304461,2012,8/24/2012,2011,2011,,
ABRP,32,8,32_8,16.55,14.80922543,2018,8/29/2018,2017,2017,,
ABRP,32,9,32_9,31.95,24.67360618,1999,9/3/1999,4/27/1998,1998,,
ABRP,32,9,32_9,21.25,9.441649053,2005,8/8/2005,4/9/2004,2004,,
ABRP,32,9,32_9,6.9,4.745080555,2009,7/30/2009,6/7/2008,2008,,
ABRP,32,9,32_9,12.95,14.86952022,2012,9/3/2012,2011,2011,,
ABRP,32,9,32_9,32.5,10.9424331,2018,9/4/2018,2017,2017,,
ABRP,32,9,32_9,31.75,23.51007623,,(blank),4/3/2001,2001,,
ABRP,32,10,32_10,27.05,22.26272552,1999,9/10/1999,4/27/1998,1998,,
ABRP,32,10,32_10,31.5,17.32810312,2005,8/8/2005,4/9/2004,2004,,
ABRP,32,10,32_10,6.6,6.167828245,2009,7/30/2009,6/7/2008,2008,,
ABRP,32,10,32_10,6.85,5.470254492,2012,9/3/2012,2011,2011,,
ABRP,32,10,32_10,16.5,10.89422831,2018,9/4/2018,2017,2017,,
ABRP,32,10,32_10,23,8.795932074,,(blank),4/3/2001,2001,,
ABRP,32,11,32_11,33.85,46.11915346,1999,8/23/1999,4/27/1998,1998,,
ABRP,32,11,32_11,36.35,23.62263633,2002,9/23/2002,4/3/2001,2001,,
ABRP,32,11,32_11,24.25,12.6984251,2005,8/17/2005,4/9/2004,2004,,
ABRP,32,11,32_11,10.7,14.14250778,2009,7/29/2009,6/7/2008,2008,,
ABRP,32,11,32_11,19.75,13.99953007,2018,9/4/2018,2017,2017,,
ABRP,40,1,40_1,19.65,12.63360181,1998,8/7/1998,3/27/1992,1992,,
ABRP,40,1,40_1,17.6,17.25779763,2003,8/19/2003,4/22/2002,2002,,
ABRP,40,1,40_1,8.181818182,3.370999312,2005,8/29/2005,5/5/2004,2004,,
ABRP,40,1,40_1,18.14285714,18.70769954,2008,7/29/2008,2006,2006,,
ABRP,40,1,40_1,27.5,15.08310313,2008,7/29/2008,Bull-Dozed 2007,2007,,
ABRP,40,1,40_1,14.75,11.37344553,2010,7/22/2010,6/1/2009,2009,,
ABRP,40,1,40_1,34.5,12.34376041,2018,8/6/2018,2017,2017,,
ABRP,40,2,40_2,8.75,6.39798488,1998,8/7/1998,3/27/1992,1992,,
ABRP,40,2,40_2,6.65,7.968853843,2003,8/19/2003,4/22/2002,2002,,
ABRP,40,2,40_2,15.45,14.88720751,2008,7/30/2008,2006,2006,,
ABRP,40,2,40_2,19.9,20.53213143,2010,7/27/2010,6/1/2009,2009,,
ABRP,40,2,40_2,52.75,14.64267376,2018,8/3/2018,2017,2017,,
ABRP,40,3,40_3,11.45,11.3623339,1998,8/7/1998,3/27/1992,1992,,
ABRP,40,3,40_3,23.6,25.35516142,2003,8/19/2003,4/22/2002,2002,,
ABRP,40,3,40_3,33.33333333,19.34534632,2005,9/13/2005,5/5/2004,2004,,
ABRP,40,3,40_3,17.2,12.75105775,2008,7/30/2008,2006,2006,,
ABRP,40,3,40_3,30.55,19.23394751,2010,7/26/2010,6/1/2009,2009,,
ABRP,40,3,40_3,40.5,22.76308184,2018,8/7/2018,2017,2017,,
ABRP,40,4,40_4,18.7,17.19271572,1998,8/26/1998,3/27/1992,1992,,
ABRP,40,4,40_4,9.65,10.82528716,2003,8/21/2003,4/22/2002,2002,,
ABRP,40,4,40_4,24.52941176,18.37157331,2005,9/13/2005,5/5/2004,2004,,
ABRP,40,4,40_4,17.1,12.25131572,2008,7/31/2008,2006,2006,,
ABRP,40,4,40_4,14.5,9.687213493,2010,7/26/2010,6/1/2009,2009,,
ABRP,40,4,40_4,23.5,11.25073097,2018,8/7/2018,2017,2017,,
ABRP,40,5,40_5,17.9,18.56680683,1998,8/6/1998,3/27/1992,1992,,
ABRP,40,5,40_5,2.65,5.343712488,2003,8/21/2003,4/22/2002,2002,,
ABRP,40,5,40_5,40,19.86062548,2005,9/13/2005,5/5/2004,2004,,
ABRP,40,5,40_5,14.05,15.60524541,2008,7/31/2008,2006,2006,,
ABRP,40,5,40_5,10.85,10.69320985,2010,7/26/2010,6/1/2009,2009,,
ABRP,40,5,40_5,27.75,16.6603058,2018,8/7/2018,2017,2017,,
ABRP,40,6,40_6,2.65,2.033275812,1998,8/26/1998,3/27/1992,1992,,
ABRP,40,6,40_6,6.4,9.03443704,2003,8/22/2003,4/22/2002,2002,,
ABRP,40,6,40_6,17.4,13.07414752,2005,9/13/2005,5/5/2004,2004,,
ABRP,40,6,40_6,12.55,8.846497969,2008,8/11/2008,2006,2006,,
ABRP,40,6,40_6,21.15,23.63600064,2010,7/27/2010,6/1/2009,2009,,
ABRP,40,6,40_6,42,21.05131575,2018,8/6/2018,2017,2017,,
ABRP,40,7,40_7,7.2,10.13903348,1998,8/27/1998,3/27/1992,1992,,
ABRP,40,7,40_7,12.2,11.16196549,2003,8/22/2003,4/22/2002,2002,,
ABRP,40,7,40_7,21.58333333,15.20441523,2005,9/14/2005,5/5/2004,2004,,
ABRP,40,7,40_7,17.3,13.92498701,2008,8/14/2008,2006,2006,,
ABRP,40,7,40_7,13.55,8.67224854,2010,7/27/2010,6/1/2009,2009,,
ABRP,40,7,40_7,48.25,18.15684589,2018,8/3/2018,2017,2017,,
ABRP,40,8,40_8,19.75,13.02578415,1998,8/27/1998,3/27/1992,1992,,
ABRP,40,8,40_8,10.65,13.61607023,2003,8/26/2003,4/22/2002,2002,,
ABRP,40,8,40_8,11.44444444,10.27974721,2005,8/23/2005,5/5/2004,2004,,
ABRP,40,8,40_8,15.7,14.29059315,2008,8/14/2008,2006,2006,,
ABRP,40,8,40_8,21.5,10.89422831,2010,7/23/2010,6/1/2009,2009,,
ABRP,40,8,40_8,48,13.89812558,2018,7/31/2018,2017,2017,,
ABRP,40,9,40_9,10.15,10.47440489,1998,8/28/1998,3/27/1992,1992,,
ABRP,40,9,40_9,15.6,12.82842239,2003,8/28/2003,4/22/2002,2002,,
ABRP,40,9,40_9,14.58333333,9.87612671,2005,8/11/2005,5/5/2004,2004,,
ABRP,40,9,40_9,15.6,12.00175426,2008,8/19/2008,2006,2006,,
ABRP,40,9,40_9,24.5,13.65939045,2010,7/22/2010,6/1/2009,2009,,
ABRP,40,9,40_9,37.75,11.52514414,2018,7/31/2018,2017,2017,,
,,,,,,,,,,,
,,,,,,,,,,,
,,,,,,,,,,,
,,,,,,,,,,,
,,,,,,,,,,,
,,,,,,,,,,,
,,,,,,,,,,,
,,,,,,,,,,,
,,,,,,,,,,,
,,,,,,,,,,,
,,,,,,,,,,,", post"
