PRES,BU,PLOT,BP,SIZE,SIZE(noCM),STEMS,MONDATE,MONYEAR,LASTBURN,LASTBURNYEAR,GROUPS,STEMS(original)
ABRP,1,1,1_1,A (0 - 2.5),A,1,37119,2001,35194,1996,PBH (0 - 2.5),1
ABRP,1,2,1_2,A (0 - 2.5),A,0,37120,2001,35194,1996,PBH (0 - 2.5),0
ABRP,1,3,1_3,A (0 - 2.5),A,0,37120,2001,35194,1996,PBH (0 - 2.5),0
ABRP,1,4,1_4,A (0 - 2.5),A,0,37124,2001,35194,1996,PBH (0 - 2.5),0
ABRP,1,5,1_5,A (0 - 2.5),A,0,37124,2001,35194,1996,PBH (0 - 2.5),0
ABRP,1,6,1_6,A (0 - 2.5),A,0,37125,2001,35194,1996,PBH (0 - 2.5),0
ABRP,1,7,1_7,A (0 - 2.5),A,0,37125,2001,35194,1996,PBH (0 - 2.5),0
ABRP,1,8,1_8,A (0 - 2.5),A,0,37125,2001,35194,1996,PBH (0 - 2.5),0
ABRP,1,9,1_9,A (0 - 2.5),A,0,37127,2001,35194,1996,PBH (0 - 2.5),0
ABRP,1,1,1_1,A (0 - 2.5),A,0,38582,2005,38188,2004,PBH (0 - 2.5),0
ABRP,1,2,1_2,A (0 - 2.5),A,0,38582,2005,38188,2004,PBH (0 - 2.5),0
ABRP,1,3,1_3,A (0 - 2.5),A,0,38583,2005,38188,2004,PBH (0 - 2.5),0
ABRP,1,4,1_4,A (0 - 2.5),A,29,38583,2005,38188,2004,PBH (0 - 2.5),29
ABRP,1,5,1_5,A (0 - 2.5),A,4,38583,2005,38188,2004,PBH (0 - 2.5),4
ABRP,1,6,1_6,A (0 - 2.5),A,19,38588,2005,38188,2004,PBH (0 - 2.5),19
ABRP,1,7,1_7,A (0 - 2.5),A,11,38588,2005,38188,2004,PBH (0 - 2.5),11
ABRP,1,9,1_9,A (0 - 2.5),A,23,38591,2005,38188,2004,PBH (0 - 2.5),23
ABRP,1,1,1_1,A (0 - 2.5),A,2,39331,2007,2006,2006,PBH (0 - 2.5),2
ABRP,1,2,1_2,A (0 - 2.5),A,0,39331,2007,2006,2006,PBH (0 - 2.5),0
ABRP,1,3,1_3,A (0 - 2.5),A,15,39335,2007,2006,2006,PBH (0 - 2.5),15
ABRP,1,4,1_4,A (0 - 2.5),A,22,39335,2007,2006,2006,PBH (0 - 2.5),22
ABRP,1,5,1_5,A (0 - 2.5),A,13,39337,2007,2006,2006,PBH (0 - 2.5),13
ABRP,1,6,1_6,A (0 - 2.5),A,8,39343,2007,2006,2006,PBH (0 - 2.5),8
ABRP,1,7,1_7,A (0 - 2.5),A,15,39342,2007,2006,2006,PBH (0 - 2.5),15
ABRP,1,8,1_8,A (0 - 2.5),A,16,39342,2007,2006,2006,PBH (0 - 2.5),16
ABRP,1,9,1_9,A (0 - 2.5),A,5,39343,2007,2006,2006,PBH (0 - 2.5),5
ABRP,1,1,1_1,A (0 - 2.5),A,0,40028,2009,39604,2008,PBH (0 - 2.5),0
ABRP,1,2,1_2,A (0 - 2.5),A,0,40028,2009,39604,2008,PBH (0 - 2.5),0
ABRP,1,3,1_3,A (0 - 2.5),A,1,40028,2009,39604,2008,PBH (0 - 2.5),1
ABRP,1,4,1_4,A (0 - 2.5),A,0,40028,2009,39604,2008,PBH (0 - 2.5),0
ABRP,1,5,1_5,A (0 - 2.5),A,0,40029,2009,39604,2008,PBH (0 - 2.5),0
ABRP,1,6,1_6,A (0 - 2.5),A,1,40029,2009,39604,2008,PBH (0 - 2.5),1
ABRP,1,7,1_7,A (0 - 2.5),A,1,40029,2009,39604,2008,PBH (0 - 2.5),1
ABRP,1,8,1_8,A (0 - 2.5),A,0,40029,2009,39604,2008,PBH (0 - 2.5),0
ABRP,1,9,1_9,A (0 - 2.5),A,1,40024,2009,39604,2008,PBH (0 - 2.5),1
ABRP,1,1,1_1,A (0 - 2.5),A,0,41144,2012,2011,2011,PBH (0 - 2.5),0
ABRP,1,2,1_2,A (0 - 2.5),A,0,41143,2012,2011,2011,PBH (0 - 2.5),0
ABRP,1,3,1_3,A (0 - 2.5),A,1,41143,2012,2011,2011,PBH (0 - 2.5),1
ABRP,1,4,1_4,A (0 - 2.5),A,0,41143,2012,2011,2011,PBH (0 - 2.5),0
ABRP,1,5,1_5,A (0 - 2.5),A,0,41143,2012,2011,2011,PBH (0 - 2.5),0
ABRP,1,6,1_6,A (0 - 2.5),A,0,41142,2012,2011,2011,PBH (0 - 2.5),0
ABRP,1,7,1_7,A (0 - 2.5),A,0,41142,2012,2011,2011,PBH (0 - 2.5),0
ABRP,1,8,1_8,A (0 - 2.5),A,0,41144,2012,2011,2011,PBH (0 - 2.5),0
ABRP,1,9,1_9,A (0 - 2.5),A,1,41142,2012,2011,2011,PBH (0 - 2.5),1
ABRP,1,1,1_1,A (0 - 2.5),A,0,41947,2014,2013,2013,PBH (0 - 2.5),0
ABRP,1,2,1_2,A (0 - 2.5),A,0,41949,2014,2013,2013,PBH (0 - 2.5),0
ABRP,1,3,1_3,A (0 - 2.5),A,1,41949,2014,2013,2013,PBH (0 - 2.5),1
ABRP,1,4,1_4,A (0 - 2.5),A,0,41948,2014,2013,2013,PBH (0 - 2.5),0
ABRP,1,5,1_5,A (0 - 2.5),A,3,41949,2014,2013,2013,PBH (0 - 2.5),3
ABRP,1,6,1_6,A (0 - 2.5),A,0,41947,2014,2013,2013,PBH (0 - 2.5),0
ABRP,1,7,1_7,A (0 - 2.5),A,1,41948,2014,2013,2013,PBH (0 - 2.5),1
ABRP,1,8,1_8,A (0 - 2.5),A,0,41947,2014,2013,2013,PBH (0 - 2.5),0
ABRP,1,9,1_9,A (0 - 2.5),A,0,41947,2014,2013,2013,PBH (0 - 2.5),0
ABRP,1,1,1_1,A (0 - 2.5),A,0,42947,2017,2016,2016,PBH (0 - 2.5),0
ABRP,1,2,1_2,A (0 - 2.5),A,0,42954,2017,2016,2016,PBH (0 - 2.5),0
ABRP,1,3,1_3,A (0 - 2.5),A,1,42955,2017,2016,2016,PBH (0 - 2.5),1
ABRP,1,4,1_4,A (0 - 2.5),A,0,42955,2017,2016,2016,PBH (0 - 2.5),0
ABRP,1,5,1_5,A (0 - 2.5),A,0,42957,2017,2016,2016,PBH (0 - 2.5),0
ABRP,1,6,1_6,A (0 - 2.5),A,0,42958,2017,2016,2016,PBH (0 - 2.5),0
ABRP,1,7,1_7,A (0 - 2.5),A,0,42958,2017,2016,2016,PBH (0 - 2.5),0
ABRP,1,8,1_8,A (0 - 2.5),A,0,42962,2017,2016,2016,PBH (0 - 2.5),0
ABRP,1,9,1_9,A (0 - 2.5),A,0,42956,2017,2016,2016,PBH (0 - 2.5),0
ABRP,5,1,5_1,A (0 - 2.5),A,0,34887,1995,34067,1993,PBH (0 - 2.5),0
ABRP,5,2,5_2,A (0 - 2.5),A,0,34887,1995,34067,1993,PBH (0 - 2.5),0
ABRP,5,3,5_3,A (0 - 2.5),A,0,34898,1995,34067,1993,PBH (0 - 2.5),0
ABRP,5,4,5_4,A (0 - 2.5),A,0,34897,1995,34067,1993,PBH (0 - 2.5),0
ABRP,5,5,5_5,A (0 - 2.5),A,0,34885,1995,34067,1993,PBH (0 - 2.5),0
ABRP,5,6,5_6,A (0 - 2.5),A,0,34892,1995,34067,1993,PBH (0 - 2.5),0
ABRP,5,1,5_1,A (0 - 2.5),A,0,35653,1997,35201,1996,PBH (0 - 2.5),0
ABRP,5,2,5_2,A (0 - 2.5),A,2,35653,1997,35201,1996,PBH (0 - 2.5),2
ABRP,5,3,5_3,A (0 - 2.5),A,1,35654,1997,35201,1996,PBH (0 - 2.5),1
ABRP,5,4,5_4,A (0 - 2.5),A,0,35654,1997,35201,1996,PBH (0 - 2.5),0
ABRP,5,5,5_5,A (0 - 2.5),A,1,35654,1997,35201,1996,PBH (0 - 2.5),1
ABRP,5,6,5_6,A (0 - 2.5),A,2,35654,1997,35201,1996,PBH (0 - 2.5),2
ABRP,5,1,5_1,A (0 - 2.5),A,9,36747,2000,"5/11/1999, 5/13/1999",1999,PBH (0 - 2.5),9
ABRP,5,2,5_2,A (0 - 2.5),A,7,36747,2000,"5/11/1999, 5/13/1999",1999,PBH (0 - 2.5),7
ABRP,5,3,5_3,A (0 - 2.5),A,0,36748,2000,"5/11/1999, 5/13/1999",1999,PBH (0 - 2.5),0
ABRP,5,4,5_4,A (0 - 2.5),A,0,36752,2000,"5/11/1999, 5/13/1999",1999,PBH (0 - 2.5),0
ABRP,5,5,5_5,A (0 - 2.5),A,0,36742,2000,"5/11/1999, 5/13/1999",1999,PBH (0 - 2.5),0
ABRP,5,6,5_6,A (0 - 2.5),A,5,36746,2000,"5/11/1999, 5/13/1999",1999,PBH (0 - 2.5),5
ABRP,5,1,5_1,A (0 - 2.5),A,1,37840,2003,37400,2002,PBH (0 - 2.5),1
ABRP,5,2,5_2,A (0 - 2.5),A,2,37840,2003,37400,2002,PBH (0 - 2.5),2
ABRP,5,3,5_3,A (0 - 2.5),A,0,37846,2003,37400,2002,PBH (0 - 2.5),0
ABRP,5,4,5_4,A (0 - 2.5),A,0,37875,2003,37400,2002,PBH (0 - 2.5),0
ABRP,5,5,5_5,A (0 - 2.5),A,0,37881,2003,37400,2002,PBH (0 - 2.5),0
ABRP,5,6,5_6,A (0 - 2.5),A,0,37887,2003,37400,2002,PBH (0 - 2.5),0
ABRP,5,4,5_4,A (0 - 2.5),A,18,38598,2005,38120,2004,PBH (0 - 2.5),18
ABRP,5,3,5_3,A (0 - 2.5),A,1,38598,2005,38120,2004,PBH (0 - 2.5),1
ABRP,5,2,5_2,A (0 - 2.5),A,3,38598,2005,38120,2004,PBH (0 - 2.5),3
ABRP,5,6,5_6,A (0 - 2.5),A,7,38607,2005,38120,2004,PBH (0 - 2.5),7
ABRP,5,5,5_5,A (0 - 2.5),A,22,38607,2005,38120,2004,PBH (0 - 2.5),22
ABRP,5,1,5_1,A (0 - 2.5),A,8,38607,2005,38120,2004,PBH (0 - 2.5),8
ABRP,5,1,5_1,A (0 - 2.5),A,7,40017,2009,39651,2008,PBH (0 - 2.5),7
ABRP,5,2,5_2,A (0 - 2.5),A,2,40017,2009,39651,2008,PBH (0 - 2.5),2
ABRP,5,3,5_3,A (0 - 2.5),A,0,40017,2009,39651,2008,PBH (0 - 2.5),0
ABRP,5,4,5_4,A (0 - 2.5),A,1,40021,2009,39651,2008,PBH (0 - 2.5),1
ABRP,5,5,5_5,A (0 - 2.5),A,1,40018,2009,39651,2008,PBH (0 - 2.5),1
ABRP,5,6,5_6,A (0 - 2.5),A,1,40017,2009,39651,2008,PBH (0 - 2.5),1
ABRP,5,1,5_1,A (0 - 2.5),A,5,40812,2011,2010,2010,PBH (0 - 2.5),5
ABRP,5,2,5_2,A (0 - 2.5),A,0,40813,2011,2010,2010,PBH (0 - 2.5),0
ABRP,5,3,5_3,A (0 - 2.5),A,0,40813,2011,2010,2010,PBH (0 - 2.5),0
ABRP,5,4,5_4,A (0 - 2.5),A,0,40813,2011,2010,2010,PBH (0 - 2.5),0
ABRP,5,5,5_5,A (0 - 2.5),A,0,40814,2011,2010,2010,PBH (0 - 2.5),0
ABRP,5,6,5_6,A (0 - 2.5),A,3,40814,2011,2010,2010,PBH (0 - 2.5),3
ABRP,5,1,5_1,A (0 - 2.5),A,0,42251,2015,2013,2013,PBH (0 - 2.5),0
ABRP,5,2,5_2,A (0 - 2.5),A,0,42258,2015,2014,2014,PBH (0 - 2.5),0
ABRP,5,3,5_3,A (0 - 2.5),A,0,42256,2015,2014,2014,PBH (0 - 2.5),0
ABRP,5,4,5_4,A (0 - 2.5),A,0,42258,2015,2014,2014,PBH (0 - 2.5),0
ABRP,5,5,5_5,A (0 - 2.5),A,1,42245,2015,2014,2014,PBH (0 - 2.5),1
ABRP,5,6,5_6,A (0 - 2.5),A,0,42247,2015,2014,2014,PBH (0 - 2.5),0
ABRP,5,1,5_1,A (0 - 2.5),A,0,42971,2017,2016,2016,PBH (0 - 2.5),0
ABRP,5,2,5_2,A (0 - 2.5),A,0,42972,2017,2016,2016,PBH (0 - 2.5),0
ABRP,5,3,5_3,A (0 - 2.5),A,0,42976,2017,2016,2016,PBH (0 - 2.5),0
ABRP,5,4,5_4,A (0 - 2.5),A,0,42977,2017,2016,2016,PBH (0 - 2.5),0
ABRP,5,5,5_5,A (0 - 2.5),A,3,42970,2017,2016,2016,PBH (0 - 2.5),3
ABRP,5,6,5_6,A (0 - 2.5),A,0,42971,2017,2016,2016,PBH (0 - 2.5),0
ABRP,5,1,5_1,A (0 - 2.5),A,0,43655,2019,2018,2018,PBH (0 - 2.5),0
ABRP,5,2,5_2,A (0 - 2.5),A,1,43655,2019,2018,2018,PBH (0 - 2.5),1
ABRP,5,3,5_3,A (0 - 2.5),A,0,43656,2019,2018,2018,PBH (0 - 2.5),0
ABRP,5,4,5_4,A (0 - 2.5),A,0,43656,2019,2018,2018,PBH (0 - 2.5),0
ABRP,5,5,5_5,A (0 - 2.5),A,2,43657,2019,2018,2018,PBH (0 - 2.5),2
ABRP,5,6,5_6,A (0 - 2.5),A,4,43657,2019,2018,2018,PBH (0 - 2.5),4
ABRP,7,1,7_1,A (0 - 2.5),A,15,35277,1996,34454,1994,PBH (0 - 2.5),15
ABRP,7,2,7_2,A (0 - 2.5),A,0,35278,1996,34454,1994,PBH (0 - 2.5),0
ABRP,7,3,7_3,A (0 - 2.5),A,0,35279,1996,34454,1994,PBH (0 - 2.5),0
ABRP,7,4,7_4,A (0 - 2.5),A,0,35282,1996,34454,1994,PBH (0 - 2.5),0
ABRP,7,5,7_5,A (0 - 2.5),A,3,35299,1996,34454,1994,PBH (0 - 2.5),3
ABRP,7,6,7_6,A (0 - 2.5),A,0,35282,1996,34454,1994,PBH (0 - 2.5),0
ABRP,7,7,7_7,A (0 - 2.5),A,0,35284,1996,34454,1994,PBH (0 - 2.5),0
ABRP,7,8,7_8,A (0 - 2.5),A,0,35285,1996,34454,1994,PBH (0 - 2.5),0
ABRP,7,1,7_1,A (0 - 2.5),A,4,37112,2001,36567,2000,PBH (0 - 2.5),4
ABRP,7,2,7_2,A (0 - 2.5),A,0,37110,2001,36567,2000,PBH (0 - 2.5),0
ABRP,7,3,7_3,A (0 - 2.5),A,2,37110,2001,36567,2000,PBH (0 - 2.5),2
ABRP,7,4,7_4,A (0 - 2.5),A,0,37113,2001,36567,2000,PBH (0 - 2.5),0
ABRP,7,5,7_5,A (0 - 2.5),A,0,37112,2001,36567,2000,PBH (0 - 2.5),0
ABRP,7,6,7_6,A (0 - 2.5),A,1,37113,2001,36567,2000,PBH (0 - 2.5),1
ABRP,7,7,7_7,A (0 - 2.5),A,2,37118,2001,36567,2000,PBH (0 - 2.5),2
ABRP,7,8,7_8,A (0 - 2.5),A,1,37119,2001,36567,2000,PBH (0 - 2.5),1
ABRP,7,1,7_1,A (0 - 2.5),A,11,38216,2004,37733,2003,PBH (0 - 2.5),11
ABRP,7,2,7_2,A (0 - 2.5),A,0,38226,2004,37733,2003,PBH (0 - 2.5),0
ABRP,7,3,7_3,A (0 - 2.5),A,6,38218,2004,37733,2003,PBH (0 - 2.5),6
ABRP,7,4,7_4,A (0 - 2.5),A,0,38229,2004,37733,2003,PBH (0 - 2.5),0
ABRP,7,5,7_5,A (0 - 2.5),A,6,38230,2004,37733,2003,PBH (0 - 2.5),6
ABRP,7,6,7_6,A (0 - 2.5),A,5,38227,2004,37733,2003,PBH (0 - 2.5),5
ABRP,7,7,7_7,A (0 - 2.5),A,0,38229,2004,37733,2003,PBH (0 - 2.5),0
ABRP,7,8,7_8,A (0 - 2.5),A,0,38253,2004,37733,2003,PBH (0 - 2.5),0
ABRP,7,4,7_4,A (0 - 2.5),A,0,39681,2008,2006,2006,PBH (0 - 2.5),0
ABRP,7,3,7_3,A (0 - 2.5),A,0,39681,2008,2006,2006,PBH (0 - 2.5),0
ABRP,7,2,7_2,A (0 - 2.5),A,0,39681,2008,2006,2006,PBH (0 - 2.5),0
ABRP,7,1,7_1,A (0 - 2.5),A,0,39680,2008,2006,2006,PBH (0 - 2.5),0
ABRP,7,8,7_8,A (0 - 2.5),A,0,39680,2008,2006,2006,PBH (0 - 2.5),0
ABRP,7,8,7_8,A (0 - 2.5),A,0,40030,2009,Bull-Dozed 2007,2007,PBH (0 - 2.5),0
ABRP,7,7,7_7,A (0 - 2.5),A,0,40030,2009,Bull-Dozed 2007,2007,PBH (0 - 2.5),0
ABRP,7,6,7_6,A (0 - 2.5),A,0,40030,2009,Bull-Dozed 2007,2007,PBH (0 - 2.5),0
ABRP,7,4,7_4,A (0 - 2.5),A,0,40030,2009,Bull-Dozed 2007,2007,PBH (0 - 2.5),0
ABRP,7,1,7_1,A (0 - 2.5),A,0,40379,2010,39965,2009,PBH (0 - 2.5),0
ABRP,7,2,7_2,A (0 - 2.5),A,0,40378,2010,39965,2009,PBH (0 - 2.5),0
ABRP,7,3,7_3,A (0 - 2.5),A,2,40378,2010,39965,2009,PBH (0 - 2.5),2
ABRP,7,5,7_5,A (0 - 2.5),A,0,40379,2010,39965,2009,PBH (0 - 2.5),0
ABRP,7,1,7_1,A (0 - 2.5),A,0,41137,2012,2011,2011,PBH (0 - 2.5),0
ABRP,7,2,7_2,A (0 - 2.5),A,0,41137,2012,2011,2011,PBH (0 - 2.5),0
ABRP,7,3,7_3,A (0 - 2.5),A,1,41137,2012,2011,2011,PBH (0 - 2.5),1
ABRP,7,5,7_5,A (0 - 2.5),A,0,41137,2012,2011,2011,PBH (0 - 2.5),0
ABRP,7,6,7_6,A (0 - 2.5),A,0,41169,2012,2011,2011,PBH (0 - 2.5),0
ABRP,7,7,7_7,A (0 - 2.5),A,0,41142,2012,2011,2011,PBH (0 - 2.5),0
ABRP,7,8,7_8,A (0 - 2.5),A,0,41142,2012,2011,2011,PBH (0 - 2.5),0
ABRP,7,1,7_1,A (0 - 2.5),A,0,42235,2015,2014,2014,PBH (0 - 2.5),0
ABRP,7,2,7_2,A (0 - 2.5),A,0,42237,2015,2014,2014,PBH (0 - 2.5),0
ABRP,7,3,7_3,A (0 - 2.5),A,1,42235,2015,2014,2014,PBH (0 - 2.5),1
ABRP,7,4,7_4,A (0 - 2.5),A,0,42245,2015,2014,2014,PBH (0 - 2.5),0
ABRP,7,5,7_5,A (0 - 2.5),A,0,42236,2015,2014,2014,PBH (0 - 2.5),0
ABRP,7,6,7_6,A (0 - 2.5),A,0,42244,2015,2014,2014,PBH (0 - 2.5),0
ABRP,7,7,7_7,A (0 - 2.5),A,0,42243,2015,2014,2014,PBH (0 - 2.5),0
ABRP,7,8,7_8,A (0 - 2.5),A,0,41946,2014,2014,2014,PBH (0 - 2.5),0
ABRP,7,1,7_1,A (0 - 2.5),A,0,42965,2017,2016,2016,PBH (0 - 2.5),0
ABRP,7,2,7_2,A (0 - 2.5),A,0,42968,2017,2016,2016,PBH (0 - 2.5),0
ABRP,7,3,7_3,A (0 - 2.5),A,1,42969,2017,2016,2016,PBH (0 - 2.5),1
ABRP,7,4,7_4,A (0 - 2.5),A,0,42977,2017,2016,2016,PBH (0 - 2.5),0
ABRP,7,5,7_5,A (0 - 2.5),A,0,42969,2017,2016,2016,PBH (0 - 2.5),0
ABRP,7,6,7_6,A (0 - 2.5),A,0,42998,2017,2016,2016,PBH (0 - 2.5),0
ABRP,7,7,7_7,A (0 - 2.5),A,10,42963,2017,2016,2016,PBH (0 - 2.5),10
ABRP,7,8,7_8,A (0 - 2.5),A,0,42964,2017,2016,2016,PBH (0 - 2.5),0
ABRP,7,1,7_1,A (0 - 2.5),A,2,43658,2019,2018,2018,PBH (0 - 2.5),2
ABRP,7,2,7_2,A (0 - 2.5),A,0,43658,2019,2018,2018,PBH (0 - 2.5),0
ABRP,7,3,7_3,A (0 - 2.5),A,0,,2019,2018,2018,PBH (0 - 2.5),0
ABRP,7,4,7_4,A (0 - 2.5),A,2,43668,2019,2018,2018,PBH (0 - 2.5),2
ABRP,7,5,7_5,A (0 - 2.5),A,0,,2019,2018,2018,PBH (0 - 2.5),0
ABRP,7,6,7_6,A (0 - 2.5),A,6,43668,2019,2018,2018,PBH (0 - 2.5),6
ABRP,7,7,7_7,A (0 - 2.5),A,116,43662,2019,2018,2018,PBH (0 - 2.5),116
ABRP,7,8,7_8,A (0 - 2.5),A,100,43662,2019,2018,2018,PBH (0 - 2.5),100
ABRP,7,1,7_1,A (0 - 2.5),A,2,44064,2020,2019,2019,PBH (0 - 2.5),2
ABRP,7,2,7_2,A (0 - 2.5),A,0,44063,2020,2019,2019,PBH (0 - 2.5),0
ABRP,7,3,7_3,A (0 - 2.5),A,0,44063,2020,2019,2019,PBH (0 - 2.5),0
ABRP,7,4,7_4,A (0 - 2.5),A,1,44062,2020,2019,2019,PBH (0 - 2.5),1
ABRP,7,5,7_5,A (0 - 2.5),A,0,44063,2020,2019,2019,PBH (0 - 2.5),0
ABRP,7,6,7_6,A (0 - 2.5),A,1,44062,2020,2019,2019,PBH (0 - 2.5),1
ABRP,7,7,7_7,A (0 - 2.5),A,103,44061,2020,2019,2019,PBH (0 - 2.5),103
ABRP,7,8,7_8,A (0 - 2.5),A,48,44064,2020,2019,2019,PBH (0 - 2.5),48
ABRP,12,1,12_1,A (0 - 2.5),A,0,36028,1998,35188,1996,PBH (0 - 2.5),0
ABRP,12,2,12_2,A (0 - 2.5),A,0,36028,1998,35188,1996,PBH (0 - 2.5),0
ABRP,12,1,12_1,A (0 - 2.5),A,0,36741,2000,36294,1999,PBH (0 - 2.5),0
ABRP,12,2,12_2,A (0 - 2.5),A,0,36739,2000,36294,1999,PBH (0 - 2.5),0
ABRP,12,1,12_1,A (0 - 2.5),A,0,37870,2003,37398,2002,PBH (0 - 2.5),0
ABRP,12,2,12_2,A (0 - 2.5),A,2,37862,2003,37398,2002,PBH (0 - 2.5),2
ABRP,12,1,12_1,A (0 - 2.5),A,0,38579,2005,38114,2004,PBH (0 - 2.5),0
ABRP,12,2,12_2,A (0 - 2.5),A,1,38591,2005,38114,2004,PBH (0 - 2.5),1
ABRP,12,1,12_1,A (0 - 2.5),A,0,40021,2009,39573,2008,PBH (0 - 2.5),0
ABRP,12,2,12_2,A (0 - 2.5),A,0,40021,2009,39573,2008,PBH (0 - 2.5),0
ABRP,12,1,12_1,A (0 - 2.5),A,0,40816,2011,2010,2010,PBH (0 - 2.5),0
ABRP,12,2,12_2,A (0 - 2.5),A,0,40815,2011,2010,2010,PBH (0 - 2.5),0
ABRP,12,1,12_1,A (0 - 2.5),A,0,42248,2015,2014,2014,PBH (0 - 2.5),0
ABRP,12,2,12_2,A (0 - 2.5),A,1,42228,2015,2014,2014,PBH (0 - 2.5),1
ABRP,12,1,12_1,A (0 - 2.5),A,5,43669,2019,2018,2018,PBH (0 - 2.5),5
ABRP,12,2,12_2,A (0 - 2.5),A,0,43669,2019,2018,2018,PBH (0 - 2.5),0
ABRP,13,1,13_1,A (0 - 2.5),A,0,36741,2000,36294,1999,PBH (0 - 2.5),0
ABRP,13,1,13_1,A (0 - 2.5),A,0,37870,2003,37398,2002,PBH (0 - 2.5),0
ABRP,13,1,13_1,A (0 - 2.5),A,0,38579,2005,38114,2004,PBH (0 - 2.5),0
ABRP,13,1,13_1,A (0 - 2.5),A,0,40373,2010,39965,2009,PBH (0 - 2.5),0
ABRP,13,1,13_1,A (0 - 2.5),A,0,42250,2015,2014,2014,PBH (0 - 2.5),0
ABRP,13,1,13_1,A (0 - 2.5),A,4,43671,2019,2018,2018,PBH (0 - 2.5),4
ABRP,15,1,15_1,A (0 - 2.5),A,0,35653,1997,35188,1996,PBH (0 - 2.5),0
ABRP,15,1,15_1,A (0 - 2.5),A,0,36738,2000,36294,1999,PBH (0 - 2.5),0
ABRP,15,1,15_1,A (0 - 2.5),A,0,37862,2003,37398,2002,PBH (0 - 2.5),0
ABRP,15,1,15_1,A (0 - 2.5),A,0,38591,2005,38114,2004,PBH (0 - 2.5),0
ABRP,15,1,15_1,A (0 - 2.5),A,0,39679,2008,2006,2006,PBH (0 - 2.5),0
ABRP,15,1,15_1,A (0 - 2.5),A,0,40372,2010,39965,2009,PBH (0 - 2.5),0
ABRP,15,1,15_1,A (0 - 2.5),A,0,42235,2015,2014,2014,PBH (0 - 2.5),0
ABRP,15,1,15_1,A (0 - 2.5),A,0,43320,2018,2017,2017,PBH (0 - 2.5),0
ABRP,15,1,15_1,A (0 - 2.5),A,0,44049,2020,2019,2019,PBH (0 - 2.5),0
ABRP,21,1,21_1,A (0 - 2.5),A,0,35285,1996,34460,1994,PBH (0 - 2.5),0
ABRP,21,2,21_2,A (0 - 2.5),A,0,35286,1996,34460,1994,PBH (0 - 2.5),0
ABRP,21,3,21_3,A (0 - 2.5),A,0,35292,1996,34460,1994,PBH (0 - 2.5),0
ABRP,21,1,21_1,A (0 - 2.5),A,0,36031,1998,35577,1997,PBH (0 - 2.5),0
ABRP,21,2,21_2,A (0 - 2.5),A,0,36031,1998,35577,1997,PBH (0 - 2.5),0
ABRP,21,3,21_3,A (0 - 2.5),A,0,36032,1998,35577,1997,PBH (0 - 2.5),0
ABRP,21,1,21_1,A (0 - 2.5),A,0,37105,2001,36655,2000,PBH (0 - 2.5),0
ABRP,21,2,21_2,A (0 - 2.5),A,1,37106,2001,36655,2000,PBH (0 - 2.5),1
ABRP,21,3,21_3,A (0 - 2.5),A,1,37106,2001,36655,2000,PBH (0 - 2.5),1
ABRP,21,1,21_1,A (0 - 2.5),A,0,37853,2003,37399,2002,PBH (0 - 2.5),0
ABRP,21,2,21_2,A (0 - 2.5),A,0,37853,2003,37399,2002,PBH (0 - 2.5),0
ABRP,21,3,21_3,A (0 - 2.5),A,0,37869,2003,37399,2002,PBH (0 - 2.5),0
ABRP,21,1,21_1,A (0 - 2.5),A,0,38589,2005,38091,2004,PBH (0 - 2.5),0
ABRP,21,2,21_2,A (0 - 2.5),A,0,38589,2005,38091,2004,PBH (0 - 2.5),0
ABRP,21,3,21_3,A (0 - 2.5),A,0,38587,2005,38091,2004,PBH (0 - 2.5),0
ABRP,21,1,21_1,A (0 - 2.5),A,0,39357,2007,2006,2006,PBH (0 - 2.5),0
ABRP,21,2,21_2,A (0 - 2.5),A,0,39357,2007,2006,2006,PBH (0 - 2.5),0
ABRP,21,3,21_3,A (0 - 2.5),A,0,39358,2007,2006,2006,PBH (0 - 2.5),0
ABRP,21,1,21_1,A (0 - 2.5),A,0,40014,2009,39619,2008,PBH (0 - 2.5),0
ABRP,21,2,21_2,A (0 - 2.5),A,1,40014,2009,39619,2008,PBH (0 - 2.5),1
ABRP,21,3,21_3,A (0 - 2.5),A,0,40014,2009,39619,2008,PBH (0 - 2.5),0
ABRP,21,1,21_1,A (0 - 2.5),A,0,40815,2011,2010,2010,PBH (0 - 2.5),0
ABRP,21,2,21_2,A (0 - 2.5),A,0,40815,2011,2010,2010,PBH (0 - 2.5),0
ABRP,21,3,21_3,A (0 - 2.5),A,1,40815,2011,2010,2010,PBH (0 - 2.5),1
ABRP,21,1,21_1,A (0 - 2.5),A,0,43004,2017,2016,2016,PBH (0 - 2.5),0
ABRP,21,2,21_2,A (0 - 2.5),A,0,43004,2017,2016,2016,PBH (0 - 2.5),0
ABRP,21,3,21_3,A (0 - 2.5),A,0,43004,2017,2016,2016,PBH (0 - 2.5),0
ABRP,21,1,21_1,A (0 - 2.5),A,0,43670,2019,2016,2016,PBH (0 - 2.5),0
ABRP,21,2,21_2,A (0 - 2.5),A,0,43670,2019,2016,2016,PBH (0 - 2.5),0
ABRP,21,3,21_3,A (0 - 2.5),A,0,43670,2019,2016,2016,PBH (0 - 2.5),0
ABRP,22,1,22_1,A (0 - 2.5),A,0,35292,1996,34784,1995,PBH (0 - 2.5),0
ABRP,22,2,22_2,A (0 - 2.5),A,0,35293,1996,34784,1995,PBH (0 - 2.5),0
ABRP,22,3,22_3,A (0 - 2.5),A,0,35293,1996,34784,1995,PBH (0 - 2.5),0
ABRP,22,4,22_4,A (0 - 2.5),A,0,35296,1996,34784,1995,PBH (0 - 2.5),0
ABRP,22,5,22_5,A (0 - 2.5),A,0,35303,1996,34784,1995,PBH (0 - 2.5),0
ABRP,22,1,22_1,A (0 - 2.5),A,0,36388,1999,36006,1998,PBH (0 - 2.5),0
ABRP,22,2,22_2,A (0 - 2.5),A,0,36392,1999,36006,1998,PBH (0 - 2.5),0
ABRP,22,3,22_3,A (0 - 2.5),A,0,36390,1999,36006,1998,PBH (0 - 2.5),0
ABRP,22,4,22_4,A (0 - 2.5),A,0,36390,1999,36006,1998,PBH (0 - 2.5),0
ABRP,22,5,22_5,A (0 - 2.5),A,0,36389,1999,36006,1998,PBH (0 - 2.5),0
ABRP,22,1,22_1,A (0 - 2.5),A,0,37503,2002,36994,2001,PBH (0 - 2.5),0
ABRP,22,2,22_2,A (0 - 2.5),A,0,37504,2002,36994,2001,PBH (0 - 2.5),0
ABRP,22,3,22_3,A (0 - 2.5),A,0,37508,2002,36994,2001,PBH (0 - 2.5),0
ABRP,22,4,22_4,A (0 - 2.5),A,0,37510,2002,36994,2001,PBH (0 - 2.5),0
ABRP,22,5,22_5,A (0 - 2.5),A,0,37516,2002,36994,2001,PBH (0 - 2.5),0
ABRP,22,1,22_1,A (0 - 2.5),A,0,38187,2004,37776,2003,PBH (0 - 2.5),0
ABRP,22,2,22_2,A (0 - 2.5),A,0,38181,2004,37776,2003,PBH (0 - 2.5),0
ABRP,22,3,22_3,A (0 - 2.5),A,0,38202,2004,37776,2003,PBH (0 - 2.5),0
ABRP,22,4,22_4,A (0 - 2.5),A,0,38205,2004,37776,2003,PBH (0 - 2.5),0
ABRP,22,5,22_5,A (0 - 2.5),A,0,38253,2004,37776,2003,PBH (0 - 2.5),0
ABRP,22,5,22_5,A (0 - 2.5),A,0,38958,2006,2005,2005,PBH (0 - 2.5),0
ABRP,22,4,22_4,A (0 - 2.5),A,3,38958,2006,2005,2005,PBH (0 - 2.5),3
ABRP,22,3,22_3,A (0 - 2.5),A,0,38958,2006,2005,2005,PBH (0 - 2.5),0
ABRP,22,2,22_2,A (0 - 2.5),A,4,38958,2006,2005,2005,PBH (0 - 2.5),4
ABRP,22,1,22_1,A (0 - 2.5),A,0,38958,2006,2005,2005,PBH (0 - 2.5),0
ABRP,22,3,22_3,A (0 - 2.5),A,4,39652,2008,2007,2007,PBH (0 - 2.5),4
ABRP,22,5,22_5,A (0 - 2.5),A,0,39653,2008,2007,2007,PBH (0 - 2.5),0
ABRP,22,4,22_4,A (0 - 2.5),A,2,39652,2008,2007,2007,PBH (0 - 2.5),2
ABRP,22,2,22_2,A (0 - 2.5),A,0,39640,2008,2007,2007,PBH (0 - 2.5),0
ABRP,22,1,22_1,A (0 - 2.5),A,0,39640,2008,2007,2007,PBH (0 - 2.5),0
ABRP,22,1,22_1,A (0 - 2.5),A,0,40374,2010,39965,2009,PBH (0 - 2.5),0
ABRP,22,2,22_2,A (0 - 2.5),A,0,40375,2010,39965,2009,PBH (0 - 2.5),0
ABRP,22,3,22_3,A (0 - 2.5),A,0,40375,2010,39965,2009,PBH (0 - 2.5),0
ABRP,22,4,22_4,A (0 - 2.5),A,0,40374,2010,39965,2009,PBH (0 - 2.5),0
ABRP,22,5,22_5,A (0 - 2.5),A,0,40373,2010,39965,2009,PBH (0 - 2.5),0
ABRP,22,1,22_1,A (0 - 2.5),A,0,41130,2012,2011,2011,PBH (0 - 2.5),0
ABRP,22,2,22_2,A (0 - 2.5),A,1,41136,2012,2011,2011,PBH (0 - 2.5),1
ABRP,22,3,22_3,A (0 - 2.5),A,0,41136,2012,2011,2011,PBH (0 - 2.5),0
ABRP,22,4,22_4,A (0 - 2.5),A,2,41129,2012,2011,2011,PBH (0 - 2.5),2
ABRP,22,5,22_5,A (0 - 2.5),A,0,41129,2012,2011,2011,PBH (0 - 2.5),0
ABRP,22,1,22_1,A (0 - 2.5),A,2,41943,2014,2013,2013,PBH (0 - 2.5),2
ABRP,22,2,22_2,A (0 - 2.5),A,0,41943,2014,2013,2013,PBH (0 - 2.5),0
ABRP,22,3,22_3,A (0 - 2.5),A,0,41945,2014,2013,2013,PBH (0 - 2.5),0
ABRP,22,4,22_4,A (0 - 2.5),A,0,41946,2014,2013,2013,PBH (0 - 2.5),0
ABRP,22,5,22_5,A (0 - 2.5),A,0,41946,2014,2013,2013,PBH (0 - 2.5),0
ABRP,22,1,22_1,A (0 - 2.5),A,0,42598,2016,2015,2015,PBH (0 - 2.5),0
ABRP,22,2,22_2,A (0 - 2.5),A,0,42598,2016,2015,2015,PBH (0 - 2.5),0
ABRP,22,3,22_3,A (0 - 2.5),A,0,42598,2016,2015,2015,PBH (0 - 2.5),0
ABRP,22,4,22_4,A (0 - 2.5),A,1,42606,2016,2015,2015,PBH (0 - 2.5),1
ABRP,22,5,22_5,A (0 - 2.5),A,0,42605,2016,2015,2015,PBH (0 - 2.5),0
ABRP,22,1,22_1,A (0 - 2.5),A,1,43321,2018,2017,2017,PBH (0 - 2.5),1
ABRP,22,2,22_2,A (0 - 2.5),A,0,43321,2018,2017,2017,PBH (0 - 2.5),0
ABRP,22,3,22_3,A (0 - 2.5),A,2,43321,2018,2017,2017,PBH (0 - 2.5),2
ABRP,22,4,22_4,A (0 - 2.5),A,0,43320,2018,2017,2017,PBH (0 - 2.5),0
ABRP,22,5,22_5,A (0 - 2.5),A,0,43320,2018,2017,2017,PBH (0 - 2.5),0
ABRP,22,1,22_1,A (0 - 2.5),A,0,44043,2020,2019,2019,PBH (0 - 2.5),0
ABRP,22,2,22_2,A (0 - 2.5),A,2,44046,2020,2019,2019,PBH (0 - 2.5),2
ABRP,22,3,22_3,A (0 - 2.5),A,0,44046,2020,2019,2019,PBH (0 - 2.5),0
ABRP,22,4,22_4,A (0 - 2.5),A,3,44043,2020,2019,2019,PBH (0 - 2.5),3
ABRP,22,5,22_5,A (0 - 2.5),A,0,44043,2020,2019,2019,PBH (0 - 2.5),0
ABRP,32,1,32_1,A (0 - 2.5),A,34,34901,1995,34135,1993,PBH (0 - 2.5),34
ABRP,32,2,32_2,A (0 - 2.5),A,0,34912,1995,34135,1993,PBH (0 - 2.5),0
ABRP,32,3,32_3,A (0 - 2.5),A,1,34912,1995,34135,1993,PBH (0 - 2.5),1
ABRP,32,4,32_4,A (0 - 2.5),A,8,34912,1995,34135,1993,PBH (0 - 2.5),8
ABRP,32,5,32_5,A (0 - 2.5),A,21,34904,1995,34135,1993,PBH (0 - 2.5),21
ABRP,32,6,32_6,A (0 - 2.5),A,0,34899,1995,34135,1993,PBH (0 - 2.5),0
ABRP,32,7,32_7,A (0 - 2.5),A,0,34902,1995,34135,1993,PBH (0 - 2.5),0
ABRP,32,8,32_8,A (0 - 2.5),A,0,34902,1995,34135,1993,PBH (0 - 2.5),0
ABRP,32,9,32_9,A (0 - 2.5),A,15,34911,1995,34135,1993,PBH (0 - 2.5),15
ABRP,32,10,32_10,A (0 - 2.5),A,0,34907,1995,34135,1993,PBH (0 - 2.5),0
ABRP,32,11,32_11,A (0 - 2.5),A,0,34907,1995,34135,1993,PBH (0 - 2.5),0
ABRP,32,1,32_1,A (0 - 2.5),A,0,36398,1999,35912,1998,PBH (0 - 2.5),0
ABRP,32,2,32_2,A (0 - 2.5),A,0,36399,1999,35912,1998,PBH (0 - 2.5),0
ABRP,32,3,32_3,A (0 - 2.5),A,1,36399,1999,35912,1998,PBH (0 - 2.5),1
ABRP,32,4,32_4,A (0 - 2.5),A,1,36402,1999,35912,1998,PBH (0 - 2.5),1
ABRP,32,5,32_5,A (0 - 2.5),A,0,36406,1999,35912,1998,PBH (0 - 2.5),0
ABRP,32,6,32_6,A (0 - 2.5),A,5,36399,1999,35912,1998,PBH (0 - 2.5),5
ABRP,32,7,32_7,A (0 - 2.5),A,0,36395,1999,35912,1998,PBH (0 - 2.5),0
ABRP,32,8,32_8,A (0 - 2.5),A,0,36397,1999,35912,1998,PBH (0 - 2.5),0
ABRP,32,9,32_9,A (0 - 2.5),A,1,36406,1999,35912,1998,PBH (0 - 2.5),1
ABRP,32,10,32_10,A (0 - 2.5),A,0,36413,1999,35912,1998,PBH (0 - 2.5),0
ABRP,32,11,32_11,A (0 - 2.5),A,0,36395,1999,35912,1998,PBH (0 - 2.5),0
ABRP,32,1,32_1,A (0 - 2.5),A,10,37522,2002,36984,2001,PBH (0 - 2.5),10
ABRP,32,2,32_2,A (0 - 2.5),A,1,37532,2002,36984,2001,PBH (0 - 2.5),1
ABRP,32,3,32_3,A (0 - 2.5),A,0,37530,2002,36984,2001,PBH (0 - 2.5),0
ABRP,32,4,32_4,A (0 - 2.5),A,4,37529,2002,36984,2001,PBH (0 - 2.5),4
ABRP,32,5,32_5,A (0 - 2.5),A,0,37530,2002,36984,2001,PBH (0 - 2.5),0
ABRP,32,6,32_6,A (0 - 2.5),A,1,37529,2002,36984,2001,PBH (0 - 2.5),1
ABRP,32,7,32_7,A (0 - 2.5),A,0,37515,2002,36984,2001,PBH (0 - 2.5),0
ABRP,32,8,32_8,A (0 - 2.5),A,0,37515,2002,36984,2001,PBH (0 - 2.5),0
ABRP,32,9,32_9,A (0 - 2.5),A,0,37517,2002,36984,2001,PBH (0 - 2.5),0
ABRP,32,10,32_10,A (0 - 2.5),A,2,37517,2002,36984,2001,PBH (0 - 2.5),2
ABRP,32,11,32_11,A (0 - 2.5),A,0,37522,2002,36984,2001,PBH (0 - 2.5),0
ABRP,32,1,32_1,A (0 - 2.5),A,2,38582,2005,38086,2004,PBH (0 - 2.5),2
ABRP,32,2,32_2,A (0 - 2.5),A,0,38581,2005,38086,2004,PBH (0 - 2.5),0
ABRP,32,3,32_3,A (0 - 2.5),A,1,38577,2005,38086,2004,PBH (0 - 2.5),1
ABRP,32,4,32_4,A (0 - 2.5),A,0,38577,2005,38086,2004,PBH (0 - 2.5),0
ABRP,32,5,32_5,A (0 - 2.5),A,1,38574,2005,38086,2004,PBH (0 - 2.5),1
ABRP,32,6,32_6,A (0 - 2.5),A,7,38580,2005,38086,2004,PBH (0 - 2.5),7
ABRP,32,7,32_7,A (0 - 2.5),A,0,38580,2005,38086,2004,PBH (0 - 2.5),0
ABRP,32,8,32_8,A (0 - 2.5),A,0,38582,2005,38086,2004,PBH (0 - 2.5),0
ABRP,32,9,32_9,A (0 - 2.5),A,2,38572,2005,38086,2004,PBH (0 - 2.5),2
ABRP,32,10,32_10,A (0 - 2.5),A,0,38572,2005,38086,2004,PBH (0 - 2.5),0
ABRP,32,11,32_11,A (0 - 2.5),A,6,38581,2005,38086,2004,PBH (0 - 2.5),6
ABRP,32,1,32_1,A (0 - 2.5),A,0,40022,2009,39606,2008,PBH (0 - 2.5),0
ABRP,32,2,32_2,A (0 - 2.5),A,0,40023,2009,39606,2008,PBH (0 - 2.5),0
ABRP,32,3,32_3,A (0 - 2.5),A,0,40023,2009,39606,2008,PBH (0 - 2.5),0
ABRP,32,4,32_4,A (0 - 2.5),A,0,40022,2009,39606,2008,PBH (0 - 2.5),0
ABRP,32,5,32_5,A (0 - 2.5),A,1,40022,2009,39606,2008,PBH (0 - 2.5),1
ABRP,32,6,32_6,A (0 - 2.5),A,0,40022,2009,39606,2008,PBH (0 - 2.5),0
ABRP,32,7,32_7,A (0 - 2.5),A,1,40023,2009,39606,2008,PBH (0 - 2.5),1
ABRP,32,8,32_8,A (0 - 2.5),A,0,40023,2009,39606,2008,PBH (0 - 2.5),0
ABRP,32,9,32_9,A (0 - 2.5),A,0,40024,2009,39606,2008,PBH (0 - 2.5),0
ABRP,32,10,32_10,A (0 - 2.5),A,0,40024,2009,39606,2008,PBH (0 - 2.5),0
ABRP,32,11,32_11,A (0 - 2.5),A,0,40023,2009,39606,2008,PBH (0 - 2.5),0
ABRP,32,1,32_1,A (0 - 2.5),A,0,41145,2012,2011,2011,PBH (0 - 2.5),0
ABRP,32,2,32_2,A (0 - 2.5),A,1,41145,2012,2011,2011,PBH (0 - 2.5),1
ABRP,32,3,32_3,A (0 - 2.5),A,0,41145,2012,2011,2011,PBH (0 - 2.5),0
ABRP,32,4,32_4,A (0 - 2.5),A,0,41155,2012,2011,2011,PBH (0 - 2.5),0
ABRP,32,5,32_5,A (0 - 2.5),A,0,41152,2012,2011,2011,PBH (0 - 2.5),0
ABRP,32,6,32_6,A (0 - 2.5),A,0,41155,2012,2011,2011,PBH (0 - 2.5),0
ABRP,32,7,32_7,A (0 - 2.5),A,2,41144,2012,2011,2011,PBH (0 - 2.5),2
ABRP,32,8,32_8,A (0 - 2.5),A,0,41145,2012,2011,2011,PBH (0 - 2.5),0
ABRP,32,9,32_9,A (0 - 2.5),A,0,41155,2012,2011,2011,PBH (0 - 2.5),0
ABRP,32,10,32_10,A (0 - 2.5),A,0,41155,2012,2011,2011,PBH (0 - 2.5),0
ABRP,32,1,32_1,A (0 - 2.5),A,0,43320,2018,2017,2017,PBH (0 - 2.5),0
ABRP,32,2,32_2,A (0 - 2.5),A,0,43333,2018,2017,2017,PBH (0 - 2.5),0
ABRP,32,3,32_3,A (0 - 2.5),A,0,43325,2018,2017,2017,PBH (0 - 2.5),0
ABRP,32,4,32_4,A (0 - 2.5),A,0,43322,2018,2017,2017,PBH (0 - 2.5),0
ABRP,32,5,32_5,A (0 - 2.5),A,0,43321,2018,2017,2017,PBH (0 - 2.5),0
ABRP,32,6,32_6,A (0 - 2.5),A,0,43322,2018,2017,2017,PBH (0 - 2.5),0
ABRP,32,7,32_7,A (0 - 2.5),A,0,43341,2018,2017,2017,PBH (0 - 2.5),0
ABRP,32,8,32_8,A (0 - 2.5),A,0,43341,2018,2017,2017,PBH (0 - 2.5),0
ABRP,32,9,32_9,A (0 - 2.5),A,1,43347,2018,2017,2017,PBH (0 - 2.5),1
ABRP,32,10,32_10,A (0 - 2.5),A,0,43347,2018,2017,2017,PBH (0 - 2.5),0
ABRP,32,11,32_11,A (0 - 2.5),A,1,43347,2018,2017,2017,PBH (0 - 2.5),1
ABRP,32,1,32_1,A (0 - 2.5),A,0,44053,2020,2019,2019,PBH (0 - 2.5),0
ABRP,32,2,32_2,A (0 - 2.5),A,0,44053,2020,2019,2019,PBH (0 - 2.5),0
ABRP,32,3,32_3,A (0 - 2.5),A,0,44053,2020,2019,2019,PBH (0 - 2.5),0
ABRP,32,4,32_4,A (0 - 2.5),A,0,44054,2020,2019,2019,PBH (0 - 2.5),0
ABRP,32,5,32_5,A (0 - 2.5),A,0,44054,2020,2019,2019,PBH (0 - 2.5),0
ABRP,32,6,32_6,A (0 - 2.5),A,0,44054,2020,2020,2020,PBH (0 - 2.5),0
ABRP,32,7,32_7,A (0 - 2.5),A,0,44055,2020,2019,2019,PBH (0 - 2.5),0
ABRP,32,8,32_8,A (0 - 2.5),A,0,44055,2020,2019,2019,PBH (0 - 2.5),0
ABRP,32,9,32_9,A (0 - 2.5),A,1,44060,2020,2019,2019,PBH (0 - 2.5),1
ABRP,32,10,32_10,A (0 - 2.5),A,0,44060,2020,2019,2019,PBH (0 - 2.5),0
ABRP,32,11,32_11,A (0 - 2.5),A,0,44055,2020,2019,2019,PBH (0 - 2.5),0
ABRP,40,1,40_1,A (0 - 2.5),A,0,35991,1998,33690,1992,PBH (0 - 2.5),0
ABRP,40,2,40_2,A (0 - 2.5),A,3,35991,1998,33690,1992,PBH (0 - 2.5),3
ABRP,40,3,40_3,A (0 - 2.5),A,2,35992,1998,33690,1992,PBH (0 - 2.5),2
ABRP,40,4,40_4,A (0 - 2.5),A,3,36012,1998,33690,1992,PBH (0 - 2.5),3
ABRP,40,5,40_5,A (0 - 2.5),A,2,36013,1998,33690,1992,PBH (0 - 2.5),2
ABRP,40,6,40_6,A (0 - 2.5),A,3,36033,1998,33690,1992,PBH (0 - 2.5),3
ABRP,40,7,40_7,A (0 - 2.5),A,0,36034,1998,33690,1992,PBH (0 - 2.5),0
ABRP,40,8,40_8,A (0 - 2.5),A,0,36034,1998,33690,1992,PBH (0 - 2.5),0
ABRP,40,9,40_9,A (0 - 2.5),A,0,36035,1998,33690,1992,PBH (0 - 2.5),0
ABRP,40,1,40_1,A (0 - 2.5),A,0,37852,2003,37368,2002,PBH (0 - 2.5),0
ABRP,40,2,40_2,A (0 - 2.5),A,0,37848,2003,37368,2002,PBH (0 - 2.5),0
ABRP,40,3,40_3,A (0 - 2.5),A,0,37852,2003,37368,2002,PBH (0 - 2.5),0
ABRP,40,4,40_4,A (0 - 2.5),A,4,37854,2003,37368,2002,PBH (0 - 2.5),4
ABRP,40,5,40_5,A (0 - 2.5),A,2,37854,2003,37368,2002,PBH (0 - 2.5),2
ABRP,40,6,40_6,A (0 - 2.5),A,2,37855,2003,37368,2002,PBH (0 - 2.5),2
ABRP,40,7,40_7,A (0 - 2.5),A,4,37855,2003,37368,2002,PBH (0 - 2.5),4
ABRP,40,8,40_8,A (0 - 2.5),A,2,37859,2003,37368,2002,PBH (0 - 2.5),2
ABRP,40,9,40_9,A (0 - 2.5),A,3,37861,2003,37368,2002,PBH (0 - 2.5),3
ABRP,40,1,40_1,A (0 - 2.5),A,1,38593,2005,38112,2004,PBH (0 - 2.5),1
ABRP,40,2,40_2,A (0 - 2.5),A,0,38587,2005,38112,2004,PBH (0 - 2.5),0
ABRP,40,8,40_8,A (0 - 2.5),A,8,38587,2005,38112,2004,PBH (0 - 2.5),8
ABRP,40,9,40_9,A (0 - 2.5),A,1,38575,2005,38112,2004,PBH (0 - 2.5),1
ABRP,40,5,40_5,A (0 - 2.5),A,6,38608,2005,38112,2004,PBH (0 - 2.5),6
ABRP,40,4,40_4,A (0 - 2.5),A,1,38608,2005,38112,2004,PBH (0 - 2.5),1
ABRP,40,6,40_6,A (0 - 2.5),A,1,38608,2005,38112,2004,PBH (0 - 2.5),1
ABRP,40,3,40_3,A (0 - 2.5),A,3,38608,2005,38112,2004,PBH (0 - 2.5),3
ABRP,40,7,40_7,A (0 - 2.5),A,5,38609,2005,38112,2004,PBH (0 - 2.5),5
ABRP,40,6,40_6,A (0 - 2.5),A,0,39661,2008,2006,2006,PBH (0 - 2.5),0
ABRP,40,5,40_5,A (0 - 2.5),A,0,39660,2008,2006,2006,PBH (0 - 2.5),0
ABRP,40,7,40_7,A (0 - 2.5),A,0,39660,2008,2006,2006,PBH (0 - 2.5),0
ABRP,40,3,40_3,A (0 - 2.5),A,0,39659,2008,2006,2006,PBH (0 - 2.5),0
ABRP,40,2,40_2,A (0 - 2.5),A,0,39659,2008,2006,2006,PBH (0 - 2.5),0
ABRP,40,9,40_9,A (0 - 2.5),A,0,39679,2008,2006,2006,PBH (0 - 2.5),0
ABRP,40,8,40_8,A (0 - 2.5),A,0,39674,2008,2006,2006,PBH (0 - 2.5),0
ABRP,40,7,40_7,A (0 - 2.5),A,0,39674,2008,2006,2006,PBH (0 - 2.5),0
ABRP,40,1,40_1,A (0 - 2.5),A,0,39658,2008,2006,2006,PBH (0 - 2.5),0
ABRP,40,1,40_1,A (0 - 2.5),A,0,40381,2010,39965,2009,PBH (0 - 2.5),0
ABRP,40,2,40_2,A (0 - 2.5),A,0,40386,2010,39965,2009,PBH (0 - 2.5),0
ABRP,40,3,40_3,A (0 - 2.5),A,0,40385,2010,39965,2009,PBH (0 - 2.5),0
ABRP,40,4,40_4,A (0 - 2.5),A,0,40385,2010,39965,2009,PBH (0 - 2.5),0
ABRP,40,5,40_5,A (0 - 2.5),A,0,40385,2010,39965,2009,PBH (0 - 2.5),0
ABRP,40,6,40_6,A (0 - 2.5),A,0,40386,2010,39965,2009,PBH (0 - 2.5),0
ABRP,40,7,40_7,A (0 - 2.5),A,0,40386,2010,39965,2009,PBH (0 - 2.5),0
ABRP,40,8,40_8,A (0 - 2.5),A,0,40382,2010,39965,2009,PBH (0 - 2.5),0
ABRP,40,9,40_9,A (0 - 2.5),A,0,40381,2010,39965,2009,PBH (0 - 2.5),0
ABRP,40,1,40_1,A (0 - 2.5),A,0,42585,2016,2015,2015,PBH (0 - 2.5),0
ABRP,40,2,40_2,A (0 - 2.5),A,0,42585,2016,2015,2015,PBH (0 - 2.5),0
ABRP,40,3,40_3,A (0 - 2.5),A,0,42585,2016,2015,2015,PBH (0 - 2.5),0
ABRP,40,4,40_4,A (0 - 2.5),A,0,42594,2016,2015,2015,PBH (0 - 2.5),0
ABRP,40,5,40_5,A (0 - 2.5),A,0,42597,2016,2015,2015,PBH (0 - 2.5),0
ABRP,40,6,40_6,A (0 - 2.5),A,0,42612,2016,2015,2015,PBH (0 - 2.5),0
ABRP,40,7,40_7,A (0 - 2.5),A,0,42612,2016,2015,2015,PBH (0 - 2.5),0
ABRP,40,8,40_8,A (0 - 2.5),A,0,42613,2016,2015,2015,PBH (0 - 2.5),0
ABRP,40,9,40_9,A (0 - 2.5),A,0,42613,2016,2015,2015,PBH (0 - 2.5),0
ABRP,40,1,40_1,A (0 - 2.5),A,0,43318,2018,2017,2017,PBH (0 - 2.5),0
ABRP,40,2,40_2,A (0 - 2.5),A,0,43315,2018,2017,2017,PBH (0 - 2.5),0
ABRP,40,3,40_3,A (0 - 2.5),A,1,43319,2018,2017,2017,PBH (0 - 2.5),1
ABRP,40,4,40_4,A (0 - 2.5),A,0,43319,2018,2017,2017,PBH (0 - 2.5),0
ABRP,40,5,40_5,A (0 - 2.5),A,0,43319,2018,2017,2017,PBH (0 - 2.5),0
ABRP,40,6,40_6,A (0 - 2.5),A,0,43318,2018,2017,2017,PBH (0 - 2.5),0
ABRP,40,7,40_7,A (0 - 2.5),A,0,43315,2018,2017,2017,PBH (0 - 2.5),0
ABRP,40,8,40_8,A (0 - 2.5),A,0,43312,2018,2017,2017,PBH (0 - 2.5),0
ABRP,40,9,40_9,A (0 - 2.5),A,0,43312,2018,2017,2017,PBH (0 - 2.5),0
ABRP,40,1,40_1,A (0 - 2.5),A,0,44041,2020,2019,2019,PBH (0 - 2.5),0
ABRP,40,2,40_2,A (0 - 2.5),A,0,44041,2020,2019,2019,PBH (0 - 2.5),0
ABRP,40,3,40_3,A (0 - 2.5),A,0,44042,2020,2019,2019,PBH (0 - 2.5),0
ABRP,40,4,40_4,A (0 - 2.5),A,0,44042,2020,2019,2019,PBH (0 - 2.5),0
ABRP,40,5,40_5,A (0 - 2.5),A,0,44042,2020,2019,2019,PBH (0 - 2.5),0
ABRP,40,6,40_6,A (0 - 2.5),A,0,44042,2020,2019,2019,PBH (0 - 2.5),0
ABRP,40,7,40_7,A (0 - 2.5),A,0,44041,2020,2019,2019,PBH (0 - 2.5),0
ABRP,40,8,40_8,A (0 - 2.5),A,0,44041,2020,2019,2019,PBH (0 - 2.5),0
ABRP,40,9,40_9,A (0 - 2.5),A,0,44039,2020,2019,2019,PBH (0 - 2.5),0
